{
  "rows": 15000,
  "cols": 30,
  "target_distribution": {
    "0": 0.5425333333333333,
    "1": 0.30233333333333334,
    "2": 0.15513333333333335
  },
  "feature_types": {
    "float64": 28,
    "int64": 1
  },
  "is_multiclass": true
}