{
  "DummyClassifier": {
    "accuracy": 0.5424,
    "f1": 0.2344398340248963,
    "roc_auc": 0.5
  },
  "LogisticRegression": {
    "accuracy": 0.72,
    "f1": 0.6632634159041243,
    "roc_auc": 0.8467788482997881
  },
  "RandomForestClassifier": {
    "accuracy": 0.8842666666666666,
    "f1": 0.8549701768883321,
    "roc_auc": 0.9518641630441174
  }
}